Movie_ID,Oscar_Award_ID,GG_Award_ID
1,,
2,,
3,,
4,,
5,,
6,OWA0081,GG005
7,,
8,,
9,,
10,,GG006
11,,
12,OWA0012,
12,OWA0020,
12,OWA0060,
12,OWA0099,
13,,
14,,
15,,
16,,GG002
17,,GG014
18,,
19,,
20,OWA0080,GG003
20,OWA0020,GG003
21,OWA0003,GG011
21,OWA0004,GG011
21,OWA0097,GG011
21,OWA0100,GG011
21,OWA0084,GG011
22,OWA0026,GG013
22,OWA0026,GG001
22,OWA0003,GG013
22,OWA0003,GG001
22,OWA0004,GG013
22,OWA0004,GG001
22,OWA0053,GG013
22,OWA0053,GG001
22,OWA0020,GG013
22,OWA0020,GG001
23,,
24,,
25,,
26,,
27,,
28,,
29,,
30,,
31,,
32,,
33,,
34,,
35,OWA0080,GG001
35,OWA0080,GG013
35,OWA0053,GG001
35,OWA0053,GG013
35,OWA0060,GG001
35,OWA0060,GG013
35,OWA0057,GG001
35,OWA0057,GG013
35,OWA0084,GG001
35,OWA0084,GG013
36,,
37,,
38,OWA0084,
39,,
40,,
41,,GG004
41,,GG006
42,,
43,OWA0020,
43,OWA0057,
44,,
45,,
46,,
47,,
48,,
49,,
50,OWA0088,
51,,
52,OWA0084,
53,OWA0025,GG010
53,OWA0097,GG010
54,OWA0004,
54,OWA0097,
54,OWA0100,
54,OWA0084,
55,,
56,,
57,OWA0084,
58,,
59,,
60,OWA0020,
60,OWA0097,
60,OWA0100,
61,,
62,,
63,,
64,,
65,,
66,OWA0036,
67,,
68,OWA0010,
68,OWA0035,
68,OWA0053,
69,,GG004
69,,GG005
70,,
71,,
72,,
73,,
74,,
75,,
76,,
77,,
78,,
79,,
80,,
81,,
82,,
83,OWA0099,GG004
84,,
85,,
86,,
87,,
88,,
89,OWA0020,
89,OWA0097,
90,,
91,OWA0026,
92,,
93,,
94,,
95,OWA0081,
96,,
97,,
98,,
99,,
100,,
101,OWA0084,
102,,
103,OWA0026,GG003
103,OWA0026,GG012
103,OWA0026,GG001
103,OWA0026,GG009
103,OWA0012,GG003
103,OWA0012,GG012
103,OWA0012,GG001
103,OWA0012,GG009
103,OWA0060,GG003
103,OWA0060,GG012
103,OWA0060,GG001
103,OWA0060,GG009
103,OWA0095,GG003
103,OWA0095,GG012
103,OWA0095,GG001
103,OWA0095,GG009
104,,
105,,
106,OWA0020,
106,OWA0057,
107,,
108,,
109,,
110,,
111,,
112,,
113,,
114,OWA0011,
114,OWA0078,
114,OWA0078,
115,,
116,,
117,,
118,,
119,,
120,,
121,,
122,,
123,,
124,OWA0093,
125,,
126,,
127,,
128,,
129,OWA0020,GG011
129,OWA0020,GG001
129,OWA0030,GG011
129,OWA0030,GG001
129,OWA0099,GG011
129,OWA0099,GG001
130,OWA0020,
131,,
132,OWA0003,
132,OWA0092,
132,OWA0084,
133,,
134,,
135,,
136,,
137,,
138,,
139,,
140,,
141,OWA0092,GG004
141,OWA0092,GG006
142,,
143,,
144,,
145,OWA0053,
146,OWA0026,
147,OWA0036,GG012
148,,
149,,
150,,
151,,
152,OWA0072,
153,OWA0080,GG001
153,OWA0080,GG011
153,OWA0012,GG001
153,OWA0012,GG011
153,OWA0020,GG001
153,OWA0020,GG011
153,OWA0060,GG001
153,OWA0060,GG011
153,OWA0084,GG001
153,OWA0084,GG011
153,OWA0095,GG001
153,OWA0095,GG011
154,OWA0093,
155,,GG003
156,,
157,,
158,OWA0020,
158,OWA0093,
158,OWA0084,
159,,
160,,
161,OWA0084,
162,OWA0030,
162,OWA0022,
163,,
164,,
165,,
166,,
167,,
168,,
169,,
170,,
171,,
172,,
173,,
174,,
175,,
176,,
177,,
178,,
179,,
180,,
181,,
182,,
183,,
184,,
185,OWA0073,
186,,
187,,
188,OWA0057,
189,,
190,,
191,,
192,,
193,,
194,,
195,OWA0092,
196,,
197,OWA0003,
198,OWA0003,
198,OWA0053,
199,OWA0003,
200,,GG006
200,,GG004
201,,
202,,
203,,
204,,
205,,
206,,
207,,
208,,
209,,
210,,
211,OWA0053,GG004
211,OWA0101,GG004
211,OWA0030,GG004
211,OWA0102,GG004
212,,
213,,
214,,
215,,GG006
216,,
217,,
218,,
219,,
220,OWA0004,GG013
220,OWA0020,GG013
220,OWA0030,GG013
220,OWA0102,GG013
220,OWA0057,GG013
220,OWA0084,GG013
221,OWA0004,
221,OWA0084,
222,,
223,,
224,,
225,,
226,,
227,,
228,,
229,,
230,,
231,,
232,,
233,,
234,OWA0036,GG012
234,OWA0036,GG004
234,OWA0036,GG006
235,,
236,OWA0053,
237,,
238,,
239,,
240,,
241,,
242,,
243,,
244,,
245,,
246,,
247,,
248,,
249,,
250,,
251,,
252,,
253,,
254,,
255,,
256,,
257,OWA0001,GG003
257,OWA0001,GG012
257,OWA0001,GG001
257,OWA0001,GG013
257,OWA0060,GG003
257,OWA0060,GG012
257,OWA0060,GG001
257,OWA0060,GG013
257,OWA0055,GG003
257,OWA0055,GG012
257,OWA0055,GG001
257,OWA0055,GG013
258,OWA0004,GG013
258,OWA0004,GG011
258,OWA0004,GG010
258,OWA0057,GG013
258,OWA0057,GG011
258,OWA0057,GG010
259,,
260,OWA0025,
260,OWA0003,
260,OWA0012,
260,OWA0070,
260,OWA0060,
260,OWA0077,
261,OWA0053,
261,OWA0092,
261,OWA0093,
262,,
263,,
264,OWA0080,
265,,
266,,
267,,
268,,
269,,
270,,
271,,
272,,
273,,
274,,
275,,
276,,
277,,
278,,
279,,
280,,
281,,
282,,
283,,
284,,
285,,
286,,
287,OWA0053,
287,OWA0020,
287,OWA0101,
287,OWA0102,
287,OWA0097,
287,OWA0100,
288,,
289,,
290,,
291,,
292,OWA0025,GG010
292,OWA0004,GG010
292,OWA0057,GG010
293,,
294,,
295,,
296,OWA0004,
297,,
298,OWA0101,
299,,
300,,
301,,
302,OWA0004,
302,OWA0092,
302,OWA0030,
302,OWA0084,
303,OWA0003,GG001
303,OWA0003,GG011
303,OWA0053,GG001
303,OWA0053,GG011
303,OWA0012,GG001
303,OWA0012,GG011
303,OWA0020,GG001
303,OWA0020,GG011
303,OWA0092,GG001
303,OWA0092,GG011
303,OWA0030,GG001
303,OWA0030,GG011
303,OWA0078,GG001
303,OWA0078,GG011
303,OWA0060,GG001
303,OWA0060,GG011
303,OWA0100,GG001
303,OWA0100,GG011
303,OWA0084,GG001
303,OWA0084,GG011
303,OWA0099,GG001
303,OWA0099,GG011
304,OWA0097,
304,OWA0084,
305,,
306,,
307,OWA0073,
307,OWA0097,
307,OWA0100,
307,OWA0084,
308,,
309,,
310,,
311,OWA0030,GG013
312,OWA0080,GG003
312,OWA0101,GG003
313,OWA0053,
314,,
315,,
316,OWA0088,
317,,
318,OWA0025,
319,OWA0025,GG010
319,OWA0036,GG010
320,,
321,OWA0030,GG013
322,,
323,,
324,,
325,,
326,,
327,,
328,,
329,,
330,,
331,,
332,,
333,,
334,,
335,,
336,OWA0026,GG009
336,OWA0095,GG009
337,OWA0078,
338,,
339,OWA0057,
340,,
341,,
342,,
343,,
344,OWA0080,GG003
344,OWA0080,GG012
344,OWA0080,GG001
345,,
346,,
347,,
348,,
349,,
350,,
351,,
352,,
353,OWA0084,
354,OWA0049,GG001
354,OWA0049,GG013
354,OWA0003,GG001
354,OWA0003,GG013
354,OWA0004,GG001
354,OWA0004,GG013
354,OWA0053,GG001
354,OWA0053,GG013
354,OWA0012,GG001
354,OWA0012,GG013
354,OWA0020,GG001
354,OWA0020,GG013
354,OWA0070,GG001
354,OWA0070,GG013
354,OWA0078,GG001
354,OWA0078,GG013
354,OWA0060,GG001
354,OWA0060,GG013
354,OWA0057,GG001
354,OWA0057,GG013
354,OWA0093,GG001
354,OWA0093,GG013
354,OWA0084,GG001
354,OWA0084,GG013
355,OWA0093,
355,OWA0084,
356,OWA0092,
356,OWA0057,
356,OWA0093,
356,OWA0084,
357,OWA0084,
358,OWA0003,GG011
358,OWA0004,GG011
358,OWA0084,GG011
359,,
360,,GG005
361,,
362,,
363,,
364,,GG013
365,OWA0025,GG010
365,OWA0020,GG010
365,OWA0100,GG010
366,OWA0081,GG004
366,OWA0081,GG014
366,OWA0081,GG006
366,OWA0004,GG004
366,OWA0004,GG014
366,OWA0004,GG006
366,OWA0012,GG004
366,OWA0012,GG014
366,OWA0012,GG006
366,OWA0030,GG004
366,OWA0030,GG014
366,OWA0030,GG006
366,OWA0078,GG004
366,OWA0078,GG014
366,OWA0078,GG006
366,OWA0102,GG004
366,OWA0102,GG014
366,OWA0102,GG006
367,,
368,,
369,,
370,,GG002
371,OWA0057,
371,OWA0093,
371,OWA0084,
372,OWA0003,GG001
372,OWA0004,GG001
372,OWA0012,GG001
372,OWA0020,GG001
372,OWA0030,GG001
372,OWA0060,GG001
372,OWA0095,GG001
373,OWA0003,
373,OWA0020,
373,OWA0057,
373,OWA0084,
373,OWA0085,
374,OWA0004,GG001
374,OWA0012,GG001
374,OWA0020,GG001
374,OWA0057,GG001
374,OWA0093,GG001
375,,
376,OWA0084,
377,OWA0093,
378,OWA0025,GG009
378,OWA0025,GG010
378,OWA0026,GG009
378,OWA0026,GG010
378,OWA0035,GG009
378,OWA0035,GG010
378,OWA0032,GG009
378,OWA0032,GG010
378,OWA0048,GG009
378,OWA0048,GG010
378,OWA0012,GG009
378,OWA0012,GG010
378,OWA0020,GG009
378,OWA0020,GG010
378,OWA0039,GG009
378,OWA0039,GG010
378,OWA0045,GG009
378,OWA0045,GG010
378,OWA0057,GG009
378,OWA0057,GG010
378,OWA0026,GG009
378,OWA0026,GG010
379,,GG001
379,,GG011
380,,
381,,
382,OWA0020,
382,OWA0030,
382,OWA0057,
383,,
384,,
385,,
386,,
387,,
388,,
389,,
390,,
391,OWA0080,GG003
391,OWA0102,GG003
392,,
393,OWA0004,
393,OWA0085,
394,OWA0025,
395,,
396,,
397,,
398,,
399,OWA0053,
400,OWA0026,
401,OWA0030,GG012
401,OWA0030,GG001
401,OWA0030,GG013
401,OWA0030,GG011
401,OWA0030,GG002
402,OWA0069,
403,,
404,OWA0081,GG002
405,OWA0080,
405,OWA0101,
406,,
407,,
408,,
409,,
410,,
411,,
412,,
413,,
414,OWA0030,GG015
414,OWA0030,GG013
414,OWA0030,GG014
414,OWA0078,GG015
414,OWA0078,GG013
414,OWA0078,GG014
415,,
416,,
417,,
418,,
419,,GG006
420,OWA0092,
421,,
422,,
423,,
424,,
425,,
426,,
427,,
428,,
429,,
430,,
431,,
432,,
433,,
434,,
435,,
436,,
437,,
438,,
439,,
440,,
441,,
442,,
443,,
444,,
445,,
446,,
447,,
448,OWA0053,
449,,
450,OWA0080,GG002
450,OWA0081,GG002
450,OWA0012,GG002
450,OWA0060,GG002
450,OWA0095,GG002
451,OWA0080,GG014
451,OWA0078,GG014
452,OWA0080,GG013
452,OWA0030,GG013
453,,GG004
454,,
455,,
456,,
457,,
458,,
459,,
460,,
461,,
462,,
463,OWA0081,GG002
464,,
465,,
466,,
467,OWA0080,GG012
467,OWA0080,GG001
467,OWA0004,GG012
467,OWA0004,GG001
467,OWA0012,GG012
467,OWA0012,GG001
467,OWA0060,GG012
467,OWA0060,GG001
467,OWA0088,GG012
467,OWA0088,GG001
468,OWA0078,
468,OWA0097,
469,OWA0004,GG001
469,OWA0004,GG011
469,OWA0100,GG001
469,OWA0100,GG011
469,OWA0084,GG001
469,OWA0084,GG011
470,OWA0078,GG014
471,,GG002
472,,
473,,
474,,
475,,
476,,
477,,GG002
478,,
479,,
480,,GG006
481,,
482,,
483,,
484,,
485,,
486,,
487,,
488,,
489,,
490,OWA0003,
490,OWA0004,
490,OWA0053,
490,OWA0074,
491,,
492,OWA0062,
493,,
494,,
495,,
496,,
497,,
498,,
499,,
500,,
501,,
502,OWA0030,GG004
502,OWA0078,GG004
503,,
504,,
505,,
506,,
507,OWA0030,
507,OWA0078,
508,OWA0026,GG004
508,OWA0026,GG005
508,OWA0026,GG006
508,OWA0003,GG004
508,OWA0003,GG005
508,OWA0003,GG006
508,OWA0053,GG004
508,OWA0053,GG005
508,OWA0053,GG006
508,OWA0020,GG004
508,OWA0020,GG005
508,OWA0020,GG006
508,OWA0060,GG004
508,OWA0060,GG005
508,OWA0060,GG006
508,OWA0057,GG004
508,OWA0057,GG005
508,OWA0057,GG006
509,,
510,,
511,,
512,OWA0080,
512,OWA0004,
513,,GG010
514,,
515,OWA0053,
516,,
517,,GG010
518,,
519,,
520,,
521,,
522,,
523,OWA0078,
524,,
525,,
526,,
527,,
528,,
529,,
530,,
531,,
532,OWA0025,GG010
533,,
534,,
535,,
536,,
537,,
538,,
539,,
540,,
541,,
542,,
543,,
544,,
545,,
546,,
547,,
548,OWA0004,
548,OWA0012,
548,OWA0020,
548,OWA0030,
548,OWA0097,
548,OWA0100,
548,OWA0084,
549,OWA0025,GG012
549,OWA0088,GG012
550,,
551,,
552,OWA0099,
553,,
554,,
555,,
556,OWA0101,GG006
557,,
558,,
559,OWA0084,
560,,
561,,GG004
561,,GG006
561,,GG012
562,,GG001
562,,GG002
562,,GG010
563,,
564,,
565,,
566,,
567,,
568,,
569,OWA0092,
570,,
571,,
572,,
573,,
574,,
575,,
576,,
577,,
578,,
579,,
580,,
581,,
582,,
583,,
584,,
585,,
586,,
587,OWA0099,
588,,
589,,
590,OWA0036,
591,,
592,,
593,OWA0047,GG026
593,OWA0047,GG023
594,,GG009
595,OWA0034,GG026
595,OWA0012,GG026
595,OWA0020,GG026
595,OWA0045,GG026
595,OWA0056,GG026
596,,
597,,
598,OWA0036,
599,,
600,,
601,,
602,OWA0025,GG004
602,OWA0025,GG012
602,OWA0060,GG004
602,OWA0060,GG012
602,OWA0036,GG004
602,OWA0036,GG012
603,,
604,OWA0078,GG014
605,,
606,,
607,,
608,,
609,,
610,OWA0080,GG003
610,OWA0080,GG012
610,OWA0080,GG011
610,OWA0080,GG002
610,OWA0081,GG003
610,OWA0081,GG012
610,OWA0081,GG011
610,OWA0081,GG002
610,OWA0026,GG003
610,OWA0026,GG012
610,OWA0026,GG011
610,OWA0026,GG002
610,OWA0083,GG003
610,OWA0083,GG012
610,OWA0083,GG011
610,OWA0083,GG002
611,OWA0036,
612,,
613,,GG014
614,,
615,,
616,,
617,,
618,,
619,,
620,,
621,,
622,,GG004
622,,GG017
623,,
624,OWA0004,GG006
624,OWA0071,GG006
624,OWA0057,GG006
625,OWA0081,GG009
625,OWA0026,GG009
625,OWA0088,GG009
626,,
627,,
628,,
629,,
630,,
631,,
632,,
633,,
634,OWA0084,
635,,
636,,
637,,
638,,
639,,
640,,
641,,
642,,
643,OWA0025,GG011
643,OWA0012,GG011
643,OWA0020,GG011
643,OWA0060,GG011
643,OWA0057,GG011
644,,
645,OWA0026,GG009
646,,
647,,
648,,GG003
648,,GG013
648,,GG010
649,OWA0088,
650,OWA0004,
650,OWA0097,
651,OWA0020,
651,OWA0088,
652,OWA0012,GG004
652,OWA0012,GG023
652,OWA0020,GG004
652,OWA0020,GG023
652,OWA0059,GG004
652,OWA0059,GG023
652,OWA0060,GG004
652,OWA0060,GG023
652,OWA0057,GG004
652,OWA0057,GG023
653,,
654,,
655,,
656,,
657,OWA0036,
658,,
659,,
660,OWA0099,
661,,
662,,
663,,
664,,
665,,
666,OWA0020,GG011
666,OWA0020,GG001
666,OWA0060,GG011
666,OWA0060,GG001
666,OWA0099,GG011
666,OWA0099,GG001
667,,
668,,
669,,
670,,
671,,
672,,
673,,
674,,
675,,
676,,
677,,
678,,
679,,
680,,
681,,GG005
682,,
683,,
684,,
685,,
686,,
687,,
688,,
689,OWA0078,GG006
689,OWA0078,GG014
690,,
691,,
692,,
693,,
694,,
695,,
696,,
697,,
698,,
699,,
700,,
701,,
702,,
703,,
704,,
705,,
706,,
707,,
708,,
709,,
710,,
711,,
712,,
713,,
714,,
715,,
716,,
717,,
718,,
719,,
720,,
721,,
722,OWA0026,GG016
723,,
724,OWA0092,
725,,
726,,
727,,
728,,
729,,
730,,
731,,
732,,
733,,
734,,
735,,
736,,
737,OWA0097,GG002
738,OWA0012,
738,OWA0020,
738,OWA0060,
738,OWA0097,
738,OWA0100,
738,OWA0036,
739,,
740,,
741,,
742,OWA0053,GG009
742,OWA0074,GG009
742,OWA0053,GG009
742,OWA0102,GG009
743,,GG003
744,,
745,,
746,,GG004
746,,GG013
746,,GG005
746,,GG016
747,,
748,,
749,,
750,,
751,,
752,OWA0037,
753,,
754,,
755,OWA0025,
755,OWA0088,
756,OWA0080,GG001
756,OWA0020,GG001
756,OWA0097,GG001
756,OWA0100,GG001
757,,
758,,
759,,
760,,
761,,
762,,
763,,
764,,
765,,
766,,
767,,
768,,
769,,
770,,
771,,
772,,
773,,GG016
774,,
775,,
776,,
777,,
778,,
779,,
780,,
781,,
782,OWA0057,GG001
782,OWA0057,GG009
782,OWA0055,GG001
782,OWA0055,GG009
783,,
784,,GG009
784,,GG004
785,OWA0081,GG005
786,,
787,OWA0025,GG009
787,OWA0025,GG010
787,OWA0026,GG009
787,OWA0026,GG010
788,,
789,,
790,,
791,,
792,,
793,,
794,,
795,,
796,,
797,,
798,,
799,OWA0085,
800,,
801,OWA0073,
802,,
803,,
804,,
805,,
806,,
807,OWA0084,
808,,
809,,
810,,
811,,
812,,
813,OWA0026,GG013
813,OWA0003,GG013
813,OWA0004,GG013
813,OWA0053,GG013
813,OWA0012,GG013
813,OWA0020,GG013
813,OWA0070,GG013
813,OWA0060,GG013
813,OWA0057,GG013
814,OWA0026,GG009
815,,
816,,
817,,
818,,
819,,
820,,
821,,
822,,
823,OWA0004,
823,OWA0012,
823,OWA0092,
823,OWA0060,
823,OWA0093,
824,OWA0020,
824,OWA0100,
825,OWA0080,GG011
825,OWA0080,GG001
825,OWA0080,GG003
825,OWA0004,GG011
825,OWA0004,GG001
825,OWA0004,GG003
825,OWA0012,GG011
825,OWA0012,GG001
825,OWA0012,GG003
826,OWA0004,
826,OWA0012,
826,OWA0060,
826,OWA0036,
827,,
828,,
829,OWA0025,GG010
829,OWA0012,GG010
829,OWA0020,GG010
829,OWA0060,GG010
830,OWA0080,GG010
830,OWA0025,GG010
831,,
832,OWA0097,
833,,
834,OWA0025,GG002
834,OWA0025,GG011
834,OWA0081,GG002
834,OWA0081,GG011
834,OWA0012,GG002
834,OWA0012,GG011
834,OWA0060,GG002
834,OWA0060,GG011
835,,
836,,
837,,
838,,
839,,
840,,
841,OWA0080,GG003
841,OWA0080,GG012
841,OWA0080,GG001
841,OWA0003,GG003
841,OWA0003,GG012
841,OWA0003,GG001
841,OWA0053,GG003
841,OWA0053,GG012
841,OWA0053,GG001
841,OWA0012,GG003
841,OWA0012,GG012
841,OWA0012,GG001
841,OWA0092,GG003
841,OWA0092,GG012
841,OWA0092,GG001
841,OWA0060,GG003
841,OWA0060,GG012
841,OWA0060,GG001
841,OWA0057,GG003
841,OWA0057,GG012
841,OWA0057,GG001
841,OWA0087,GG003
841,OWA0087,GG012
841,OWA0087,GG001
842,,
843,,
844,,
845,,
846,,
847,,
848,,
849,,
850,,
851,,
852,,
853,,
854,OWA0080,
854,OWA0012,
854,OWA0099,
855,OWA0036,GG012
855,OWA0036,GG001
855,OWA0036,GG011
856,OWA0026,GG009
857,,
858,,
859,,
860,,
861,,
862,,
863,,
864,,
865,,
866,,
867,,
868,,
869,,
870,,
871,,
872,OWA0088,GG004
872,OWA0088,GG009
873,OWA0025,GG006
874,,
875,,
876,,
877,,
878,,
879,,
880,,
881,OWA0092,
882,,
883,,
884,,
885,,
886,,
887,,
888,,
889,,
890,,
891,,
892,,
893,,
894,OWA0081,GG002
895,,
896,,
897,OWA0099,
898,,
899,,
900,,
901,,
902,,
903,,
904,,
905,,
906,,
907,,
908,,
909,,
910,,
911,,
912,,
913,,
914,OWA0026,GG001
914,OWA0060,GG001
914,OWA0099,GG001
915,,
916,,
917,,
918,,
919,,
920,OWA0026,
921,,
922,OWA0092,
923,,
924,,
925,,
926,,
927,,
928,,
929,OWA0081,GG001
929,OWA0081,GG011
929,OWA0012,GG001
929,OWA0012,GG011
929,OWA0060,GG001
929,OWA0060,GG011
930,,
931,OWA0081,GG002
932,OWA0025,GG012
932,OWA0025,GG010
932,OWA0012,GG012
932,OWA0012,GG010
932,OWA0020,GG012
932,OWA0020,GG010
932,OWA0095,GG012
932,OWA0095,GG010
933,,
934,,
935,,
936,,
937,,
938,,
939,OWA0036,
940,,
941,,
942,,
943,,
944,,
945,,
946,,
947,,
948,,
949,,
950,,
951,,
952,OWA0015,
953,,
954,,
955,,
956,,
957,,
958,,
959,,
960,,
961,,
962,,
963,,
964,,
965,OWA0025,GG001
965,OWA0060,GG001
965,OWA0099,GG001
966,,
967,,
968,,
969,,
970,,
971,,
972,,
973,,
974,,
975,,
976,,
977,,
978,,
979,,
980,,
981,,
982,,
983,,
984,,
985,,
986,,
987,,
988,,
989,,
990,,
991,,
992,,
993,OWA0012,GG001
993,OWA0012,GG010
993,OWA0020,GG001
993,OWA0020,GG010
993,OWA0060,GG001
993,OWA0060,GG010
993,OWA0057,GG001
993,OWA0057,GG010
994,,
995,OWA0004,GG011
995,OWA0020,GG011
996,,
997,OWA0080,GG003
997,OWA0012,GG003
997,OWA0060,GG003
997,OWA0036,GG003
998,,
999,,
1000,OWA0080,
1000,OWA0099,
1001,,
1002,,
1003,,
1004,,
1005,,
1006,OWA0012,
1006,OWA0040,
1006,OWA0024,
1007,,
1008,,
1009,,
1010,,
1011,,
1012,,
1013,,
1014,,
1015,,
1016,,
1017,,
1018,,
1019,,
1020,OWA0099,
1021,,
1022,,
1023,,
1024,,
1025,,
1026,OWA0084,
1027,,
1028,,
1029,,
1030,OWA0013,
1031,,
1032,,
1033,,
1034,,
1035,,
1036,,
1037,,
1038,OWA0097,
1039,,
1040,,
1041,,
1042,,
1043,,
1044,,
1045,,
1046,,GG009
1046,,GG010
1047,OWA0012,GG004
1047,OWA0012,GG016
1047,OWA0012,GG017
1047,OWA0012,GG011
1047,OWA0012,GG023
1048,,
1049,,
1050,,
1051,,
1052,OWA0081,GG002
1053,OWA0025,GG010
1054,,
1055,,
1056,,
1057,,
1058,,GG006
1059,,
1060,,
1061,,
1062,,
1063,,
1064,,
1065,,
1066,,
1067,,
1068,,
1069,OWA0012,GG001
1069,OWA0020,GG001
1069,OWA0060,GG001
1070,,
1071,,
1072,,
1073,,
1074,,
1075,,
1076,,
1077,,
1078,OWA0022,
1079,,
1080,,
1081,,
1082,OWA0081,
1083,,GG010
1084,,
1085,,
1086,,
1087,OWA0053,
1087,OWA0030,
1087,OWA0102,
1088,OWA0053,GG009
1089,,GG010
1090,,
1091,,
1092,,
1093,,
1094,,
1095,,
1096,,
1097,OWA0098,
1097,OWA0097,
1098,,
1099,,
1100,,
1101,,
1102,,
1103,,
1104,,
1105,,
1106,,
1107,,
1108,,
1109,,
1110,,
1111,,
1112,,
1113,,
1114,,
1115,,
1116,,
1117,,
1118,,
1119,,
1120,,
1121,,
1122,,
1123,OWA0081,
1124,,
1125,,
1126,,
1127,,GG006
1128,,
1129,,
1130,,
1131,,
1132,,
1133,,
1134,,
1135,,
1136,,
1137,,
1138,,
1139,,
1140,,
1141,OWA0026,GG009
1142,,
1143,,
1144,,
1145,,
1146,,
1147,,
1148,,
1149,,
1150,,
1151,,
1152,,
1153,,
1154,,
1155,,
1156,,
1157,,
1158,,
1159,,
1160,,
1161,,
1162,OWA0081,
1163,,
1164,,
1165,,
1166,,
1167,,
1168,,
1169,,
1170,,
1171,,
1172,,
1173,,
1174,,
1175,,
1176,,
1177,OWA0012,GG011
1177,OWA0012,GG013
1177,OWA0030,GG011
1177,OWA0030,GG013
1177,OWA0060,GG011
1177,OWA0060,GG013
1177,OWA0102,GG011
1177,OWA0102,GG013
1178,,
1179,,
1180,,
1181,,
1182,,
1183,,
1184,OWA0060,
1184,OWA0036,
1185,,
1186,,
1187,,
1188,,
1189,,
1190,,
1191,OWA0011,
1192,,
1193,,
1194,,
1195,,
1196,,GG016
1197,,
1198,,
1199,,
1200,,
1201,,
1202,,
1203,,
1204,,
1205,,
1206,,
1207,,
1208,,
1209,,
1210,,
1211,,
1212,,
1213,,
1214,,
1215,,
1216,,
1217,,
1218,,
1219,,
1220,OWA0012,GG011
1220,OWA0012,GG012
1220,OWA0012,GG001
1220,OWA0012,GG014
1220,OWA0030,GG011
1220,OWA0030,GG012
1220,OWA0030,GG001
1220,OWA0030,GG014
1220,OWA0099,GG011
1220,OWA0099,GG012
1220,OWA0099,GG001
1220,OWA0099,GG014
1221,OWA0095,GG012
1221,OWA0095,GG001
1222,OWA0004,GG013
1222,OWA0012,GG013
1222,OWA0030,GG013
1222,OWA0084,GG013
1223,,
1224,,
1225,,
1226,,
1227,OWA0078,GG014
1228,,
1229,,
1230,,
1231,,
1232,,
1233,,
1234,,
1235,,
1236,,
1237,,
1238,,GG009
1239,,
1240,,
1241,,
1242,,
1243,,
1244,,
1245,,
1246,,
1247,,
1248,,
1249,,
1250,,
1251,,
1252,,
1253,,
1254,,
1255,,
1256,,
1257,,
1258,,
1259,,
1260,,
1261,,
1262,,
1263,,
1264,,
1265,,
1266,,
1267,OWA0002,
1267,OWA0020,
1267,OWA0058,
1267,OWA0022,
1267,OWA0062,
1268,,
1269,,
1270,,
1271,,
1272,,
1273,,
1274,,
1275,,
1276,,
1277,,
1278,OWA0080,GG003
1278,OWA0080,GG001
1278,OWA0012,GG003
1278,OWA0012,GG001
1278,OWA0060,GG003
1278,OWA0060,GG001
1278,OWA0088,GG003
1278,OWA0088,GG001
1279,,
1280,,
1281,OWA0080,GG003
1281,OWA0080,GG010
1281,OWA0025,GG003
1281,OWA0025,GG010
1281,OWA0101,GG003
1281,OWA0101,GG010
1282,,
1283,,
1284,,
1285,,
1286,OWA0080,GG003
1286,OWA0036,GG003
1287,,
1288,,
1289,,
1290,,
1291,,
1292,,
1293,,GG012
1293,,GG001
1293,,GG011
1294,,
1295,OWA0020,
1295,OWA0060,
1295,OWA0036,
1296,OWA0012,GG001
1296,OWA0012,GG010
1296,OWA0012,GG011
1297,,
1298,,
1299,,
1300,,
1301,,
1302,,
1303,,
1304,,
1305,,
1306,OWA0057,
1306,OWA0093,
1307,,
1308,,
1309,,
1310,,
1311,,
1312,,
1313,,
1314,,
1315,,
1316,,
1317,,
1318,,
1319,,
1320,,
1321,,
1322,,
1323,,
1324,,
1325,OWA0035,GG017
1325,OWA0035,GG017
1325,OWA0035,GG028
1325,OWA0032,GG017
1325,OWA0032,GG017
1325,OWA0032,GG028
1325,OWA0012,GG017
1325,OWA0012,GG017
1325,OWA0012,GG028
1325,OWA0020,GG017
1325,OWA0020,GG017
1325,OWA0020,GG028
1325,OWA0058,GG017
1325,OWA0058,GG017
1325,OWA0058,GG028
1325,OWA0060,GG017
1325,OWA0060,GG017
1325,OWA0060,GG028
1325,OWA0057,GG017
1325,OWA0057,GG017
1325,OWA0057,GG028
1326,OWA0035,GG001
1326,OWA0035,GG011
1326,OWA0032,GG001
1326,OWA0032,GG011
1326,OWA0048,GG001
1326,OWA0048,GG011
1326,OWA0058,GG001
1326,OWA0058,GG011
1326,OWA0055,GG001
1326,OWA0055,GG011
1327,,
1328,,
1329,,
1330,,
1331,,
1332,,
1333,,
1334,,
1335,,
1336,,
1337,,
1338,,
1339,,
1340,,
1341,,
1342,,
1343,,
1344,OWA0075,
1344,OWA0092,
1345,,
1346,,
1347,,
1348,,
1349,,
1350,,
1351,,
1352,,
1353,,
1354,,
1355,,
1356,,
1357,,
1358,,
1359,,
1360,,
1361,,
1362,,
1363,,
1364,,
1365,,
1366,,
1367,,
1368,,
1369,,
1370,,
1371,OWA0101,
1372,,
1373,,
1374,,
1375,,
1376,,
1377,,
1378,,
1379,,
1380,,
1381,,
1382,,
1383,,
1384,OWA0098,
1384,OWA0078,
1385,,
1386,,
1387,,
1388,,
1389,,
1390,,
1391,,
1392,,
1393,OWA0098,
1394,,
1395,,
1396,,
1397,,
1398,,
1399,OWA0031,
1399,OWA0047,
1399,OWA0012,
1399,OWA0020,
1399,OWA0042,
1399,OWA0024,
1400,OWA0026,GG004
1401,OWA0036,
1402,,
1403,OWA0036,
1404,,
1405,,
1406,,
1407,,
1408,,
1409,,
1410,,
1411,,
1412,,
1413,,
1414,,
1415,,
1416,,
1417,,
1418,,
1419,,
1420,,
1421,,
1422,,
1423,,
1424,,
1425,,
1426,,
1427,OWA0026,GG009
1427,OWA0088,GG009
1428,,
1429,,
1430,,
1431,,
1432,,
1433,,
1434,,
1435,,
1436,,
1437,,
1438,,
1439,,
1440,OWA0097,
1441,,
1442,,
1443,,
1444,,
1445,,
1446,,
1447,,GG016
1448,,
1449,,
1450,,
1451,,
1452,,
1453,,
1454,,
1455,,
1456,,
1457,,
1458,,
1459,,
1460,,
1461,,
1462,,
1463,,
1464,,
1465,,
1466,,
1467,,
1468,OWA0020,
1468,OWA0097,
1468,OWA0100,
1469,,
1470,,
1471,,
1472,,
1473,,
1474,,
1475,,
1476,,
1477,,
1478,,
1479,,
1480,,
1481,,
1482,,
1483,,
1484,OWA0001,GG015
1484,OWA0001,GG001
1484,OWA0001,GG011
1484,OWA0001,GG010
1484,OWA0025,GG015
1484,OWA0025,GG001
1484,OWA0025,GG011
1484,OWA0025,GG010
1484,OWA0035,GG015
1484,OWA0035,GG001
1484,OWA0035,GG011
1484,OWA0035,GG010
1484,OWA0032,GG015
1484,OWA0032,GG001
1484,OWA0032,GG011
1484,OWA0032,GG010
1484,OWA0048,GG015
1484,OWA0048,GG001
1484,OWA0048,GG011
1484,OWA0048,GG010
1484,OWA0012,GG015
1484,OWA0012,GG001
1484,OWA0012,GG011
1484,OWA0012,GG010
1484,OWA0020,GG015
1484,OWA0020,GG001
1484,OWA0020,GG011
1484,OWA0020,GG010
1484,OWA0042,GG015
1484,OWA0042,GG001
1484,OWA0042,GG011
1484,OWA0042,GG010
1484,OWA0045,GG015
1484,OWA0045,GG001
1484,OWA0045,GG011
1484,OWA0045,GG010
1484,OWA0057,GG015
1484,OWA0057,GG001
1484,OWA0057,GG011
1484,OWA0057,GG010
1484,OWA0033,GG015
1484,OWA0033,GG001
1484,OWA0033,GG011
1484,OWA0033,GG010
1485,,
1486,,
1487,,
1488,,
1489,,
1490,,
1491,,
1492,,
1493,,
1494,,
1495,,
1496,,
1497,,
1498,,
1499,,
1500,,
1501,,
1502,,
1503,,
1504,,
1505,,
1506,,
1507,OWA0061,
1508,,
1509,,
1510,,
1511,,
1512,,
1513,,
1514,,
1515,,
1516,,
1517,,
1518,,
1519,,
1520,,
1521,,
1522,,
1523,,
1524,,
1525,,
1526,OWA0001,
1526,OWA0034,
1526,OWA0055,
1527,,
1528,,
1529,,
1530,,
1531,,
1532,,
1533,,
1534,,
1535,,
1536,,
1537,,
1538,OWA0084,
1539,,
1540,,
1541,,
1542,,
1543,,
1544,,
1545,,
1546,,
1547,,
1548,,
1549,,
1550,,
1551,,
1552,,
1553,,
1554,,
1555,,
1556,OWA0061,
1557,,
1558,,
1559,OWA0020,
1559,OWA0057,
1560,,
1561,,
1562,,
1563,,
1564,,
1565,,
1566,OWA0042,
1566,OWA0022,
1567,,
1568,,
1569,,
1570,,
1571,,
1572,,
1573,,
1574,,
1575,,
1576,OWA0099,
1577,OWA0075,
1578,,
1579,,
1580,OWA0026,
1580,OWA0004,
1581,,
1582,,
1583,,
1584,,
1585,,
1586,,
1587,,
1588,,
1589,,
1590,,
1591,,
1592,,
1593,,
1594,,
1595,,
1596,,
1597,,
1598,,
1599,,
1600,,
1601,,
1602,,
1603,,
1604,,
1605,,
1606,,
1607,,
1608,,
1609,OWA0088,GG011
1610,OWA0080,GG003
1610,OWA0080,GG013
1611,,
1612,,
1613,,
1614,,
1615,,
1616,,
1617,,
1618,,
1619,,
1620,OWA0001,
1621,OWA0002,
1621,OWA0006,
1621,OWA0010,
1622,OWA0003,
1623,OWA0004,
1623,OWA0004,
1623,OWA0009,
1624,OWA0005,
1625,OWA0007,
1625,OWA0008,
1626,OWA0001,
1627,OWA0002,
1628,OWA0003,
1629,OWA0004,
1630,OWA0012,
1631,OWA0008,
1632,OWA0001,
1633,OWA0002,
1634,OWA0003,
1635,OWA0004,
1636,OWA0012,
1636,OWA0014,
1636,OWA0004,
1636,OWA0103,
1636,OWA0030,
1636,OWA0102,
1637,OWA0015,
1637,OWA0013,
1638,OWA0001,
1639,OWA0002,
1640,OWA0003,
1640,OWA0014,
1640,OWA0010,
1641,OWA0004,
1642,OWA0012,
1643,OWA0011,
1644,OWA0001,GG017
1644,OWA0011,GG017
1645,OWA0001,
1646,OWA0002,
1647,OWA0003,
1648,OWA0004,
1649,OWA0012,
1649,OWA0010,
1650,OWA0014,
1651,OWA0016,
1652,OWA0017,
1653,OWA0018,
1654,OWA0001,
1655,OWA0002,
1656,OWA0003,
1656,OWA0012,
1656,OWA0014,
1657,OWA0004,
1657,OWA0015,
1658,OWA0016,
1659,OWA0017,
1660,OWA0018,
1661,OWA0011,
1662,OWA0001,
1662,OWA0002,
1662,OWA0012,
1662,OWA0014,
1662,OWA0010,
1663,OWA0003,
1664,OWA0019,
1665,OWA0004,
1665,OWA0035,
1665,OWA0032,
1665,OWA0048,
1665,OWA0033,
1666,OWA0020,
1667,OWA0021,
1667,OWA0015,
1668,OWA0022,
1669,OWA0016,
1670,OWA0017,
1671,OWA0018,
1672,OWA0011,
1673,OWA0001,
1673,OWA0012,
1673,OWA0021,
1673,OWA0024,
1674,OWA0002,
1675,OWA0003,
1676,OWA0019,
1677,OWA0004,
1677,OWA0020,
1678,OWA0023,
1679,OWA0022,
1680,OWA0014,
1681,OWA0016,
1682,OWA0017,
1683,OWA0018,
1684,OWA0015,
1685,OWA0011,
1686,OWA0001,
1686,OWA0011,
1686,OWA0024,
1687,OWA0025,
1688,OWA0002,
1688,OWA0023,
1688,OWA0014,
1689,OWA0026,
1689,OWA0004,
1689,OWA0020,
1689,OWA0021,
1690,OWA0003,
1691,OWA0019,
1692,OWA0012,
1693,OWA0022,
1694,OWA0016,
1695,OWA0027,
1696,OWA0028,
1697,OWA0029,
1698,OWA0015,
1699,OWA0001,
1700,OWA0025,
1700,OWA0014,
1700,OWA0024,
1701,OWA0002,
1701,OWA0004,
1702,OWA0026,
1702,OWA0019,
1703,OWA0003,
1703,OWA0020,
1704,OWA0023,
1705,OWA0012,
1706,OWA0021,
1707,OWA0022,
1708,OWA0016,
1709,OWA0027,
1710,OWA0028,
1711,OWA0029,
1712,OWA0015,GG003
1713,OWA0001,
1713,OWA0011,
1714,OWA0025,
1715,OWA0002,
1715,OWA0026,
1716,OWA0003,
1716,OWA0020,
1716,OWA0030,
1717,OWA0004,
1718,OWA0012,
1718,OWA0014,
1719,OWA0021,
1720,OWA0022,
1721,OWA0016,
1722,OWA0028,
1723,OWA0029,
1724,OWA0015,
1725,OWA0024,
1726,OWA0001,GG006
1727,OWA0025,
1727,OWA0021,
1728,OWA0002,
1728,OWA0026,
1728,OWA0003,
1728,OWA0032,
1728,OWA0012,
1728,OWA0020,
1728,OWA0014,
1728,OWA0024,
1729,OWA0031,
1730,OWA0030,
1730,OWA0022,
1731,OWA0016,
1732,OWA0028,
1733,OWA0029,
1734,OWA0015,
1735,OWA0033,
1736,OWA0011,
1737,OWA0001,
1737,OWA0024,
1738,OWA0025,
1739,OWA0002,
1740,OWA0026,
1740,OWA0012,
1741,OWA0034,
1742,OWA0035,
1742,OWA0032,
1742,OWA0033,
1743,OWA0031,
1743,OWA0014,
1744,OWA0020,
1745,OWA0021,
1746,OWA0016,
1747,OWA0028,
1748,OWA0029,
1749,OWA0015,
1750,OWA0036,
1751,OWA0011,
1752,OWA0001,
1752,OWA0020,
1753,OWA0025,
1753,OWA0034,
1753,OWA0031,
1753,OWA0012,
1753,OWA0040,
1754,OWA0002,
1755,OWA0026,
1756,OWA0035,
1757,OWA0032,
1758,OWA0037,
1759,OWA0038,
1760,OWA0039,
1761,OWA0022,
1762,OWA0016,
1763,OWA0028,
1764,OWA0029,
1765,OWA0015,
1766,OWA0033,
1767,OWA0011,
1767,OWA0024,
1768,OWA0001,
1768,OWA0039,
1768,OWA0015,
1769,OWA0025,
1770,OWA0002,
1770,OWA0026,
1770,OWA0031,
1770,OWA0012,
1770,OWA0040,
1770,OWA0024,
1771,OWA0034,
1772,OWA0035,
1773,OWA0032,
1774,OWA0041,
1775,OWA0041,
1776,OWA0041,
1777,OWA0041,
1778,OWA0020,
1779,OWA0042,
1780,OWA0022,
1781,OWA0016,
1782,OWA0028,
1783,OWA0029,
1784,OWA0033,
1785,OWA0043,
1786,OWA0036,
1787,OWA0001,
1788,OWA0025,
1789,OWA0002,
1789,OWA0034,
1789,OWA0031,
1789,OWA0042,
1790,OWA0026,
1791,OWA0035,
1791,OWA0032,
1792,OWA0044,
1793,OWA0037,
1794,OWA0020,
1795,OWA0039,
1796,OWA0022,
1797,OWA0016,
1798,OWA0028,
1799,OWA0029,
1800,OWA0015,
1801,OWA0033,
1802,OWA0043,
1803,OWA0036,
1804,OWA0001,
1804,OWA0025,
1804,OWA0012,
1804,OWA0022,
1804,OWA0045,
1804,OWA0043,
1804,OWA0024,
1805,OWA0002,
1805,OWA0034,
1806,OWA0026,
1807,OWA0035,
1807,OWA0032,
1807,OWA0020,
1807,OWA0015,
1807,OWA0036,
1808,OWA0031,
1809,OWA0044,
1810,OWA0037,
1811,OWA0042,
1812,OWA0039,
1813,OWA0016,
1814,OWA0028,
1815,OWA0029,
1816,OWA0033,
1817,OWA0001,GG037
1817,OWA0001,GG038
1817,OWA0012,GG037
1817,OWA0012,GG038
1817,OWA0045,GG037
1817,OWA0045,GG038
1817,OWA0024,GG037
1817,OWA0024,GG038
1818,OWA0025,
1819,OWA0002,
1820,OWA0026,
1820,OWA0020,
1821,OWA0034,
1822,OWA0035,
1823,OWA0031,
1824,OWA0032,
1825,OWA0044,
1826,OWA0037,
1827,OWA0042,
1828,OWA0039,
1829,OWA0022,
1830,OWA0016,
1831,OWA0028,
1832,OWA0029,
1833,OWA0015,GG040
1834,OWA0033,
1835,OWA0043,
1836,OWA0036,
1837,OWA0001,GG015
1837,OWA0001,GG038
1837,OWA0025,GG015
1837,OWA0025,GG038
1837,OWA0012,GG015
1837,OWA0012,GG038
1837,OWA0020,GG015
1837,OWA0020,GG038
1837,OWA0042,GG015
1837,OWA0042,GG038
1837,OWA0045,GG015
1837,OWA0045,GG038
1837,OWA0024,GG015
1837,OWA0024,GG038
1838,OWA0002,
1839,OWA0026,GG009
1839,OWA0026,GG010
1840,OWA0034,
1840,OWA0031,
1841,OWA0035,GG037
1841,OWA0032,GG037
1842,OWA0037,
1843,OWA0039,
1843,OWA0015,
1844,OWA0022,
1845,OWA0016,
1846,OWA0028,
1847,OWA0029,
1848,OWA0033,
1849,OWA0043,
1850,OWA0036,
1851,OWA0001,GG037
1851,OWA0042,GG037
1852,OWA0025,GG012
1852,OWA0025,GG010
1852,OWA0046,GG012
1852,OWA0046,GG010
1852,OWA0024,GG012
1852,OWA0024,GG010
1853,OWA0002,
1854,OWA0026,GG032
1854,OWA0026,GG009
1854,OWA0026,GG038
1854,OWA0012,GG032
1854,OWA0012,GG009
1854,OWA0012,GG038
1854,OWA0045,GG032
1854,OWA0045,GG009
1854,OWA0045,GG038
1855,OWA0034,
1855,OWA0031,
1856,OWA0035,GG039
1856,OWA0032,GG039
1857,OWA0044,
1858,OWA0037,
1859,OWA0020,
1860,OWA0039,
1861,OWA0022,
1862,OWA0016,
1863,OWA0028,
1864,OWA0029,
1865,OWA0033,
1866,OWA0036,
1867,OWA0001,
1867,OWA0034,
1867,OWA0047,
1867,OWA0045,
1868,OWA0025,GG038
1868,OWA0025,GG011
1868,OWA0025,GG010
1868,OWA0012,GG038
1868,OWA0012,GG011
1868,OWA0012,GG010
1868,OWA0024,GG038
1868,OWA0024,GG011
1868,OWA0024,GG010
1869,OWA0002,GG038
1869,OWA0002,GG040
1870,OWA0026,
1871,OWA0035,GG013
1871,OWA0042,GG013
1872,OWA0031,
1872,OWA0020,
1873,OWA0032,
1873,OWA0048,
1874,OWA0044,
1875,OWA0037,
1876,OWA0039,
1877,OWA0022,
1878,OWA0016,
1879,OWA0028,
1880,OWA0029,
1881,OWA0015,
1882,OWA0033,
1883,OWA0046,GG012
1883,OWA0046,GG032
1883,OWA0046,GG025
1884,OWA0001,
1884,OWA0026,
1884,OWA0045,
1885,OWA0025,
1885,OWA0015,
1886,OWA0002,GG040
1886,OWA0034,GG040
1886,OWA0047,GG040
1886,OWA0042,GG040
1887,OWA0031,GG012
1887,OWA0031,GG010
1887,OWA0049,GG012
1887,OWA0049,GG010
1888,OWA0032,
1889,OWA0048,
1890,OWA0012,
1890,OWA0024,
1891,OWA0044,
1892,OWA0037,
1893,OWA0037,
1894,OWA0020,GG039
1895,OWA0039,
1896,OWA0022,
1897,OWA0016,
1898,OWA0028,
1899,OWA0029,
1900,OWA0033,
1901,OWA0046,
1902,OWA0001,
1902,OWA0053,
1903,OWA0025,
1903,OWA0047,
1903,OWA0012,
1903,OWA0045,
1903,OWA0015,
1903,OWA0024,
1904,OWA0002,
1905,OWA0026,GG009
1906,OWA0034,
1906,OWA0042,
1906,OWA0049,
1907,OWA0035,
1907,OWA0048,
1908,OWA0031,
1909,OWA0032,GG028
1909,OWA0020,GG028
1910,OWA0044,
1911,OWA0037,
1912,OWA0039,
1913,OWA0022,
1914,OWA0016,
1915,OWA0028,
1916,OWA0029,
1917,OWA0033,
1918,OWA0046,
1919,OWA0001,
1920,OWA0025,
1920,OWA0002,
1920,OWA0026,
1920,OWA0034,
1921,OWA0035,
1921,OWA0032,
1921,OWA0048,
1921,OWA0039,
1921,OWA0045,
1921,OWA0049,
1922,OWA0044,
1923,OWA0037,
1924,OWA0022,
1925,OWA0016,
1926,OWA0028,
1927,OWA0029,
1928,OWA0015,
1929,OWA0033,
1930,OWA0046,
1931,OWA0001,GG003
1931,OWA0001,GG009
1931,OWA0001,GG027
1931,OWA0020,GG003
1931,OWA0020,GG009
1931,OWA0020,GG027
1931,OWA0042,GG003
1931,OWA0042,GG009
1931,OWA0042,GG027
1931,OWA0022,GG003
1931,OWA0022,GG009
1931,OWA0022,GG027
1932,OWA0025,
1933,OWA0002,GG002
1934,OWA0026,
1934,OWA0034,
1934,OWA0031,
1934,OWA0047,
1934,OWA0024,
1935,OWA0035,
1935,OWA0048,
1935,OWA0003,
1935,OWA0053,
1936,OWA0032,
1936,OWA0012,
1937,OWA0044,
1938,OWA0037,
1939,OWA0039,GG004
1939,OWA0039,GG023
1940,OWA0045,GG001
1940,OWA0045,GG011
1940,OWA0045,GG028
1940,OWA0046,GG001
1940,OWA0046,GG011
1940,OWA0046,GG028
1941,OWA0016,
1942,OWA0028,
1943,OWA0029,
1944,OWA0015,
1945,OWA0033,
1946,OWA0049,
1947,OWA0001,
1948,OWA0025,GG010
1948,OWA0026,GG010
1948,OWA0031,GG010
1948,OWA0012,GG010
1948,OWA0020,GG010
1948,OWA0045,GG010
1948,OWA0015,GG010
1948,OWA0024,GG010
1949,OWA0002,GG002
1949,OWA0047,GG002
1949,OWA0046,GG002
1950,OWA0034,
1951,OWA0035,GG001
1951,OWA0048,GG001
1952,OWA0032,
1953,OWA0044,
1954,OWA0037,
1955,OWA0042,
1956,OWA0039,GG023
1957,OWA0022,
1958,OWA0016,
1959,OWA0028,
1960,OWA0029,
1961,OWA0033,
1962,OWA0001,GG001
1962,OWA0026,GG001
1962,OWA0034,GG001
1962,OWA0031,GG001
1962,OWA0012,GG001
1962,OWA0020,GG001
1962,OWA0045,GG001
1962,OWA0049,GG001
1963,OWA0025,
1964,OWA0002,
1964,OWA0024,
1965,OWA0035,
1965,OWA0033,
1966,OWA0032,
1966,OWA0022,
1967,OWA0047,GG012
1968,OWA0048,
1969,OWA0044,
1970,OWA0037,
1971,OWA0042,
1972,OWA0039,GG017
1973,OWA0016,
1974,OWA0028,
1975,OWA0029,
1976,OWA0015,
1977,OWA0046,GG025
1978,OWA0001,GG003
1978,OWA0012,GG003
1978,OWA0045,GG003
1978,OWA0024,GG003
1979,OWA0025,
1980,OWA0002,GG009
1980,OWA0002,GG002
1980,OWA0034,GG009
1980,OWA0034,GG002
1980,OWA0031,GG009
1980,OWA0031,GG002
1981,OWA0026,GG015
1981,OWA0026,GG001
1982,OWA0035,GG011
1982,OWA0020,GG011
1983,OWA0032,
1984,OWA0047,GG017
1985,OWA0048,
1985,OWA0042,
1985,OWA0022,
1986,OWA0044,
1987,OWA0037,
1988,OWA0039,
1988,OWA0015,
1989,OWA0016,
1990,OWA0028,
1991,OWA0029,
1992,OWA0033,
1993,OWA0046,
1994,OWA0049,
1995,OWA0001,GG004
1995,OWA0001,GG023
1995,OWA0035,GG004
1995,OWA0035,GG023
1995,OWA0048,GG004
1995,OWA0048,GG023
1995,OWA0039,GG004
1995,OWA0039,GG023
1995,OWA0015,GG004
1995,OWA0015,GG023
1996,OWA0025,
1997,OWA0002,
1998,OWA0026,
1999,OWA0034,
1999,OWA0031,
2000,OWA0032,GG001
2000,OWA0032,GG006
2000,OWA0020,GG001
2000,OWA0020,GG006
2000,OWA0042,GG001
2000,OWA0042,GG006
2000,OWA0045,GG001
2000,OWA0045,GG006
2000,OWA0051,GG001
2000,OWA0051,GG006
2001,OWA0047,
2002,OWA0012,
2003,OWA0044,
2004,OWA0037,
2005,OWA0050,
2006,OWA0016,
2007,OWA0028,
2008,OWA0029,
2009,OWA0033,
2010,OWA0046,
2011,OWA0052,
2012,OWA0001,GG003
2012,OWA0001,GG001
2012,OWA0004,GG003
2012,OWA0004,GG001
2012,OWA0012,GG003
2012,OWA0012,GG001
2012,OWA0020,GG003
2012,OWA0020,GG001
2012,OWA0021,GG003
2012,OWA0021,GG001
2012,OWA0045,GG003
2012,OWA0045,GG001
2012,OWA0055,GG003
2012,OWA0055,GG001
2013,OWA0025,GG017
2013,OWA0026,GG017
2013,OWA0003,GG017
2013,OWA0015,GG017
2014,OWA0002,GG002
2015,OWA0053,GG004
2015,OWA0053,GG023
2016,OWA0044,
2017,OWA0050,
2018,OWA0022,
2019,OWA0016,
2020,OWA0054,
2021,OWA0033,
2022,OWA0056,
2023,OWA0001,GG003
2023,OWA0026,GG003
2024,OWA0025,GG010
2025,OWA0002,
2026,OWA0003,GG030
2026,OWA0003,GG011
2026,OWA0003,GG009
2026,OWA0032,GG030
2026,OWA0032,GG011
2026,OWA0032,GG009
2026,OWA0053,GG030
2026,OWA0053,GG011
2026,OWA0053,GG009
2026,OWA0012,GG030
2026,OWA0012,GG011
2026,OWA0012,GG009
2026,OWA0020,GG030
2026,OWA0020,GG011
2026,OWA0020,GG009
2026,OWA0039,GG030
2026,OWA0039,GG011
2026,OWA0039,GG009
2026,OWA0022,GG030
2026,OWA0022,GG011
2026,OWA0022,GG009
2026,OWA0045,GG030
2026,OWA0045,GG011
2026,OWA0045,GG009
2026,OWA0055,GG030
2026,OWA0055,GG011
2026,OWA0055,GG009
2027,OWA0031,GG001
2027,OWA0056,GG001
2028,OWA0044,
2029,OWA0037,
2030,OWA0050,
2031,OWA0042,
2031,OWA0075,
2032,OWA0016,
2033,OWA0054,
2034,OWA0057,
2035,OWA0033,
2036,OWA0002,
2036,OWA0055,
2037,OWA0026,GG025
2037,OWA0034,GG025
2037,OWA0031,GG025
2038,OWA0044,
2039,OWA0050,GG022
2040,OWA0039,GG030
2041,OWA0022,
2042,OWA0016,
2043,OWA0054,
2044,OWA0056,
2045,OWA0001,GG003
2045,OWA0026,GG003
2045,OWA0055,GG003
2046,OWA0025,GG001
2046,OWA0035,GG001
2046,OWA0032,GG001
2046,OWA0048,GG001
2047,OWA0002,
2048,OWA0031,GG011
2049,OWA0047,
2050,OWA0044,
2051,OWA0037,
2052,OWA0050,GG022
2053,OWA0042,GG010
2054,OWA0039,
2055,OWA0022,
2056,OWA0016,
2057,OWA0054,
2058,OWA0057,
2059,OWA0033,
2060,OWA0001,GG003
2060,OWA0001,GG011
2060,OWA0055,GG003
2060,OWA0055,GG011
2061,OWA0002,GG022
2062,OWA0034,
2062,OWA0031,
2063,OWA0047,
2064,OWA0044,
2065,OWA0037,
2066,OWA0050,
2067,OWA0016,
2068,OWA0054,
2069,OWA0033,
2070,OWA0056,GG017
2071,OWA0025,GG002
2072,OWA0002,
2072,OWA0026,
2073,OWA0031,GG027
2073,OWA0033,GG027
2074,OWA0047,
2075,OWA0048,
2076,OWA0044,
2077,OWA0037,
2078,OWA0050,
2079,OWA0059,
2080,OWA0022,
2081,OWA0016,
2082,OWA0054,
2083,OWA0056,
2084,OWA0001,GG003
2084,OWA0001,GG025
2085,OWA0025,
2085,OWA0002,
2085,OWA0031,
2086,OWA0026,
2087,OWA0034,
2088,OWA0047,
2088,OWA0050,
2089,OWA0012,GG004
2089,OWA0012,GG017
2089,OWA0058,GG004
2089,OWA0058,GG017
2089,OWA0060,GG004
2089,OWA0060,GG017
2089,OWA0055,GG004
2089,OWA0055,GG017
2090,OWA0044,
2091,OWA0037,
2092,OWA0020,
2092,OWA0057,
2092,OWA0056,
2093,OWA0059,GG023
2094,OWA0022,
2095,OWA0016,
2096,OWA0054,
2097,OWA0061,
2098,OWA0001,GG011
2098,OWA0001,GG006
2098,OWA0035,GG011
2098,OWA0035,GG006
2098,OWA0032,GG011
2098,OWA0032,GG006
2098,OWA0048,GG011
2098,OWA0048,GG006
2098,OWA0012,GG011
2098,OWA0012,GG006
2098,OWA0059,GG011
2098,OWA0059,GG006
2098,OWA0060,GG011
2098,OWA0060,GG006
2098,OWA0057,GG011
2098,OWA0057,GG006
2099,OWA0025,
2100,OWA0026,
2100,OWA0034,
2100,OWA0031,
2101,OWA0047,
2102,OWA0044,
2103,OWA0037,
2104,OWA0050,GG024
2105,OWA0016,
2106,OWA0054,
2107,OWA0055,
2108,OWA0056,
2109,OWA0001,GG006
2110,OWA0025,
2111,OWA0002,GG021
2111,OWA0047,GG021
2111,OWA0056,GG021
2112,OWA0026,GG016
2113,OWA0034,
2113,OWA0031,
2114,OWA0044,
2115,OWA0037,
2116,OWA0050,
2117,OWA0022,
2118,OWA0016,
2119,OWA0054,
2120,OWA0061,
2121,OWA0062,
2122,OWA0001,GG003
2122,OWA0001,GG001
2122,OWA0001,GG011
2122,OWA0032,GG003
2122,OWA0032,GG001
2122,OWA0032,GG011
2122,OWA0048,GG003
2122,OWA0048,GG001
2122,OWA0048,GG011
2122,OWA0012,GG003
2122,OWA0012,GG001
2122,OWA0012,GG011
2122,OWA0060,GG003
2122,OWA0060,GG001
2122,OWA0060,GG011
2122,OWA0055,GG003
2122,OWA0055,GG001
2122,OWA0055,GG011
2123,OWA0025,
2124,OWA0002,
2124,OWA0026,
2124,OWA0034,
2124,OWA0031,
2124,OWA0047,
2125,OWA0035,
2125,OWA0062,
2126,OWA0044,
2127,OWA0037,
2128,OWA0020,
2128,OWA0057,
2128,OWA0061,
2129,OWA0050,
2129,OWA0056,
2130,OWA0063,
2130,OWA0022,
2131,OWA0059,
2132,OWA0016,
2133,OWA0054,
2134,OWA0001,GG003
2134,OWA0001,GG001
2134,OWA0020,GG003
2134,OWA0020,GG001
2134,OWA0060,GG003
2134,OWA0060,GG001
2134,OWA0057,GG003
2134,OWA0057,GG001
2134,OWA0055,GG003
2134,OWA0055,GG001
2135,OWA0025,
2136,OWA0002,
2136,OWA0056,
2137,OWA0003,GG013
2137,OWA0003,GG006
2137,OWA0003,GG014
2137,OWA0053,GG013
2137,OWA0053,GG006
2137,OWA0053,GG014
2137,OWA0059,GG013
2137,OWA0059,GG006
2137,OWA0059,GG014
2138,OWA0044,
2139,OWA0037,
2140,OWA0050,
2141,OWA0063,GG009
2142,OWA0022,GG010
2142,OWA0062,GG010
2143,OWA0016,
2144,OWA0054,
2145,OWA0001,GG012
2146,OWA0025,
2147,OWA0002,GG003
2147,OWA0002,GG001
2147,OWA0064,GG003
2147,OWA0064,GG001
2147,OWA0055,GG003
2147,OWA0055,GG001
2148,OWA0002,GG023
2149,OWA0003,GG004
2149,OWA0003,GG006
2149,OWA0012,GG004
2149,OWA0012,GG006
2149,OWA0065,GG004
2149,OWA0065,GG006
2149,OWA0060,GG004
2149,OWA0060,GG006
2149,OWA0057,GG004
2149,OWA0057,GG006
2150,OWA0004,GG016
2150,OWA0004,GG017
2150,OWA0004,GG021
2150,OWA0053,GG016
2150,OWA0053,GG017
2150,OWA0053,GG021
2151,OWA0044,
2152,OWA0037,
2153,OWA0020,
2154,OWA0050,GG022
2155,OWA0066,GG014
2156,OWA0016,
2157,OWA0054,
2158,OWA0056,
2159,OWA0001,GG003
2160,OWA0025,GG010
2161,OWA0002,GG014
2162,OWA0026,GG009
2163,OWA0003,
2163,OWA0065,
2163,OWA0057,
2164,OWA0004,
2164,OWA0064,
2164,OWA0066,
2164,OWA0067,
2165,OWA0053,GG012
2165,OWA0053,GG001
2165,OWA0053,GG011
2165,OWA0053,GG002
2166,OWA0012,GG017
2166,OWA0060,GG017
2166,OWA0055,GG017
2167,OWA0044,
2168,OWA0037,
2169,OWA0020,GG022
2169,OWA0050,GG022
2170,OWA0016,
2171,OWA0054,
2172,OWA0062,
2173,OWA0001,
2173,OWA0003,
2173,OWA0012,
2173,OWA0020,
2173,OWA0060,
2173,OWA0057,
2173,OWA0069,
2174,OWA0025,GG010
2174,OWA0004,GG010
2175,OWA0002,
2176,OWA0026,GG009
2177,OWA0053,
2178,OWA0044,
2179,OWA0037,
2180,OWA0050,
2181,OWA0068,
2182,OWA0066,
2183,OWA0016,
2184,OWA0054,
2185,OWA0062,
2186,OWA0055,GG004
2187,OWA0001,GG003
2187,OWA0001,GG011
2187,OWA0012,GG003
2187,OWA0012,GG011
2187,OWA0020,GG003
2187,OWA0020,GG011
2187,OWA0060,GG003
2187,OWA0060,GG011
2187,OWA0055,GG003
2187,OWA0055,GG011
2188,OWA0025,GG010
2188,OWA0026,GG010
2189,OWA0002,
2190,OWA0003,
2190,OWA0053,
2191,OWA0044,
2192,OWA0037,
2192,OWA0054,
2193,OWA0050,
2194,OWA0070,
2195,OWA0066,GG013
2196,OWA0072,
2197,OWA0062,
2198,OWA0025,GG004
2198,OWA0025,GG005
2198,OWA0025,GG010
2198,OWA0002,GG004
2198,OWA0002,GG005
2198,OWA0002,GG010
2198,OWA0003,GG004
2198,OWA0003,GG005
2198,OWA0003,GG010
2198,OWA0004,GG004
2198,OWA0004,GG005
2198,OWA0004,GG010
2198,OWA0012,GG004
2198,OWA0012,GG005
2198,OWA0012,GG010
2198,OWA0020,GG004
2198,OWA0020,GG005
2198,OWA0020,GG010
2198,OWA0071,GG004
2198,OWA0071,GG005
2198,OWA0071,GG010
2198,OWA0057,GG004
2198,OWA0057,GG005
2198,OWA0057,GG010
2199,OWA0026,GG017
2200,OWA0053,
2201,OWA0044,
2202,OWA0037,
2203,OWA0050,
2204,OWA0070,
2205,OWA0066,GG009
2205,OWA0073,GG009
2206,OWA0054,
2207,OWA0069,
2208,OWA0001,
2209,OWA0025,GG010
2210,OWA0002,GG005
2210,OWA0002,GG006
2211,OWA0003,
2211,OWA0053,
2211,OWA0012,
2211,OWA0020,
2211,OWA0074,
2211,OWA0060,
2211,OWA0069,
2212,OWA0004,
2213,OWA0044,
2214,OWA0037,
2215,OWA0050,
2216,OWA0070,
2216,OWA0022,
2217,OWA0072,
2218,OWA0054,
2219,OWA0001,
2220,OWA0002,
2221,OWA0004,GG016
2221,OWA0004,GG010
2221,OWA0020,GG016
2221,OWA0020,GG010
2221,OWA0022,GG016
2221,OWA0022,GG010
2222,OWA0044,
2223,OWA0037,
2224,OWA0050,
2225,OWA0075,
2226,OWA0076,
2227,OWA0057,
2227,OWA0073,
2228,OWA0001,
2228,OWA0002,
2228,OWA0012,
2228,OWA0060,
2228,OWA0077,
2229,OWA0025,GG004
2229,OWA0025,GG010
2230,OWA0026,
2231,OWA0044,
2232,OWA0037,
2233,OWA0050,
2234,OWA0078,GG014
2235,OWA0075,
2236,OWA0076,
2237,OWA0079,
2237,OWA0073,
2238,OWA0025,
2238,OWA0003,
2238,OWA0057,
2238,OWA0055,
2239,OWA0004,
2239,OWA0082,
2240,OWA0053,
2241,OWA0044,
2242,OWA0037,
2243,OWA0050,
2244,OWA0030,
2245,OWA0075,
2246,OWA0076,
2247,OWA0073,
2248,OWA0080,GG012
2248,OWA0080,GG004
2248,OWA0080,GG005
2248,OWA0080,GG006
2249,OWA0025,
2249,OWA0026,
2249,OWA0055,
2250,OWA0081,
2250,OWA0012,
2250,OWA0060,
2250,OWA0083,
2251,OWA0003,
2251,OWA0053,
2251,OWA0020,
2251,OWA0030,
2251,OWA0057,
2251,OWA0084,
2252,OWA0044,
2253,OWA0037,
2254,OWA0050,
2255,OWA0082,
2256,OWA0078,GG014
2257,OWA0075,
2258,OWA0076,
2259,OWA0080,GG003
2259,OWA0080,GG002
2259,OWA0081,GG003
2259,OWA0081,GG002
2259,OWA0088,GG003
2259,OWA0088,GG002
2260,OWA0026,GG005
2261,OWA0003,GG004
2261,OWA0003,GG009
2261,OWA0003,GG006
2262,OWA0004,
2263,OWA0044,
2264,OWA0037,
2265,OWA0050,
2266,OWA0086,
2267,OWA0030,GG012
2267,OWA0030,GG001
2267,OWA0030,GG016
2267,OWA0030,GG017
2267,OWA0087,GG012
2267,OWA0087,GG001
2267,OWA0087,GG016
2267,OWA0087,GG017
2268,OWA0078,GG014
2269,OWA0075,
2270,OWA0076,
2271,OWA0080,GG001
2271,OWA0026,GG001
2271,OWA0012,GG001
2271,OWA0060,GG001
2271,OWA0087,GG001
2272,OWA0025,GG006
2272,OWA0025,GG010
2273,OWA0081,
2273,OWA0078,
2274,OWA0003,
2274,OWA0053,
2274,OWA0020,
2274,OWA0089,
2275,OWA0044,
2276,OWA0037,
2277,OWA0050,
2278,OWA0030,
2279,OWA0075,
2280,OWA0076,
2281,OWA0088,GG004
2282,OWA0090,
2283,OWA0025,GG001
2283,OWA0025,GG017
2283,OWA0025,GG010
2283,OWA0025,GG002
2283,OWA0012,GG001
2283,OWA0012,GG017
2283,OWA0012,GG010
2283,OWA0012,GG002
2283,OWA0060,GG001
2283,OWA0060,GG017
2283,OWA0060,GG010
2283,OWA0060,GG002
2283,OWA0087,GG001
2283,OWA0087,GG017
2283,OWA0087,GG010
2283,OWA0087,GG002
2284,OWA0081,GG004
2285,OWA0026,GG009
2285,OWA0088,GG009
2286,OWA0003,GG016
2286,OWA0004,GG016
2286,OWA0053,GG016
2287,OWA0044,
2288,OWA0037,
2289,OWA0050,
2290,OWA0030,GG014
2290,OWA0078,GG014
2291,OWA0091,
2292,OWA0057,
2292,OWA0073,
2293,OWA0080,GG003
2293,OWA0080,GG001
2293,OWA0081,GG003
2293,OWA0081,GG001
2293,OWA0087,GG003
2293,OWA0087,GG001
2294,OWA0025,GG004
2294,OWA0025,GG010
2294,OWA0025,GG014
2294,OWA0078,GG004
2294,OWA0078,GG010
2294,OWA0078,GG014
2295,OWA0026,GG011
2295,OWA0004,GG011
2295,OWA0012,GG011
2296,OWA0053,GG008
2296,OWA0030,GG008
2296,OWA0060,GG008
2296,OWA0088,GG008
2297,OWA0044,
2298,OWA0037,
2299,OWA0050,
2300,OWA0075,
2301,OWA0076,
2302,OWA0080,GG003
2302,OWA0080,GG012
2302,OWA0080,GG017
2302,OWA0080,GG011
2302,OWA0080,GG008
2302,OWA0003,GG003
2302,OWA0003,GG012
2302,OWA0003,GG017
2302,OWA0003,GG011
2302,OWA0003,GG008
2302,OWA0004,GG003
2302,OWA0004,GG012
2302,OWA0004,GG017
2302,OWA0004,GG011
2302,OWA0004,GG008
2302,OWA0053,GG003
2302,OWA0053,GG012
2302,OWA0053,GG017
2302,OWA0053,GG011
2302,OWA0053,GG008
2302,OWA0012,GG003
2302,OWA0012,GG012
2302,OWA0012,GG017
2302,OWA0012,GG011
2302,OWA0012,GG008
2302,OWA0020,GG003
2302,OWA0020,GG012
2302,OWA0020,GG017
2302,OWA0020,GG011
2302,OWA0020,GG008
2302,OWA0060,GG003
2302,OWA0060,GG012
2302,OWA0060,GG017
2302,OWA0060,GG011
2302,OWA0060,GG008
2302,OWA0088,GG003
2302,OWA0088,GG012
2302,OWA0088,GG017
2302,OWA0088,GG011
2302,OWA0088,GG008
2303,OWA0025,
2303,OWA0078,
2304,OWA0026,GG006
2305,OWA0044,
2306,OWA0037,
2307,OWA0050,
2308,OWA0092,
2309,OWA0030,
2309,OWA0057,
2309,OWA0093,
2309,OWA0084,
2310,OWA0089,
2311,OWA0075,
2312,OWA0076,
2313,OWA0087,
2314,OWA0080,GG003
2314,OWA0088,GG003
2315,OWA0025,GG001
2315,OWA0025,GG010
2315,OWA0081,GG001
2315,OWA0081,GG010
2315,OWA0012,GG001
2315,OWA0012,GG010
2315,OWA0060,GG001
2315,OWA0060,GG010
2315,OWA0087,GG001
2315,OWA0087,GG010
2316,OWA0026,
2317,OWA0003,GG008
2317,OWA0004,GG008
2317,OWA0053,GG008
2317,OWA0050,GG008
2318,OWA0044,
2319,OWA0037,
2320,OWA0020,
2320,OWA0030,
2320,OWA0057,
2320,OWA0093,
2321,OWA0094,GG004
2321,OWA0094,GG011
2322,OWA0078,GG013
2322,OWA0078,GG014
2323,OWA0075,
2324,OWA0076,
2325,OWA0073,
2326,OWA0025,GG010
2326,OWA0004,GG010
2326,OWA0020,GG010
2327,OWA0081,GG002
2327,OWA0088,GG002
2328,OWA0026,GG008
2328,OWA0026,GG009
2328,OWA0030,GG008
2328,OWA0030,GG009
2329,OWA0044,
2330,OWA0037,
2331,OWA0050,
2332,OWA0068,
2333,OWA0078,GG014
2334,OWA0076,GG013
2334,OWA0076,GG007
2334,OWA0098,GG013
2334,OWA0098,GG007
2334,OWA0030,GG013
2334,OWA0030,GG007
2335,OWA0085,
2336,OWA0080,
2337,OWA0025,
2337,OWA0084,
2338,OWA0081,
2339,OWA0026,GG004
2339,OWA0026,GG005
2339,OWA0026,GG006
2340,OWA0003,GG001
2340,OWA0003,GG010
2340,OWA0004,GG001
2340,OWA0004,GG010
2340,OWA0012,GG001
2340,OWA0012,GG010
2340,OWA0030,GG001
2340,OWA0030,GG010
2340,OWA0060,GG001
2340,OWA0060,GG010
2340,OWA0057,GG001
2340,OWA0057,GG010
2340,OWA0087,GG001
2340,OWA0087,GG010
2341,OWA0053,
2342,OWA0044,
2343,OWA0037,
2344,OWA0050,GG008
2345,OWA0078,GG014
2346,OWA0075,
2347,OWA0076,
2348,OWA0080,
2349,OWA0025,GG004
2349,OWA0026,GG004
2349,OWA0088,GG004
2350,OWA0081,GG002
2351,OWA0003,
2351,OWA0053,
2351,OWA0087,
2352,OWA0004,GG012
2353,OWA0044,
2354,OWA0044,
2355,OWA0037,
2356,OWA0050,
2357,OWA0030,
2358,OWA0075,
2359,OWA0076,
2360,OWA0080,GG003
2361,OWA0003,GG012
2361,OWA0003,GG001
2361,OWA0003,GG013
2361,OWA0003,GG011
2361,OWA0004,GG012
2361,OWA0004,GG001
2361,OWA0004,GG013
2361,OWA0004,GG011
2361,OWA0053,GG012
2361,OWA0053,GG001
2361,OWA0053,GG013
2361,OWA0053,GG011
2361,OWA0012,GG012
2361,OWA0012,GG001
2361,OWA0012,GG013
2361,OWA0012,GG011
2361,OWA0020,GG012
2361,OWA0020,GG001
2361,OWA0020,GG013
2361,OWA0020,GG011
2361,OWA0030,GG012
2361,OWA0030,GG001
2361,OWA0030,GG013
2361,OWA0030,GG011
2361,OWA0060,GG012
2361,OWA0060,GG001
2361,OWA0060,GG013
2361,OWA0060,GG011
2361,OWA0057,GG012
2361,OWA0057,GG001
2361,OWA0057,GG013
2361,OWA0057,GG011
2361,OWA0087,GG012
2361,OWA0087,GG001
2361,OWA0087,GG013
2361,OWA0087,GG011
2362,OWA0044,
2363,OWA0037,
2364,OWA0050,
2365,OWA0092,
2366,OWA0075,
2367,OWA0076,
2368,OWA0084,
2369,OWA0025,
2370,OWA0081,
2371,OWA0026,
2372,OWA0003,
2372,OWA0053,
2372,OWA0087,
2373,OWA0004,
2374,OWA0044,
2375,OWA0037,
2376,OWA0050,
2377,OWA0030,
2378,OWA0078,GG004
2378,OWA0078,GG009
2379,OWA0075,
2380,OWA0076,
2381,OWA0057,
2382,OWA0080,
2382,OWA0026,
2383,OWA0081,GG004
2383,OWA0081,GG005
2383,OWA0081,GG006
2383,OWA0092,GG004
2383,OWA0092,GG005
2383,OWA0092,GG006
2383,OWA0060,GG004
2383,OWA0060,GG005
2383,OWA0060,GG006
2383,OWA0087,GG004
2383,OWA0087,GG005
2383,OWA0087,GG006
2384,OWA0053,
2385,OWA0012,GG003
2385,OWA0012,GG001
2385,OWA0012,GG012
2385,OWA0020,GG003
2385,OWA0020,GG001
2385,OWA0020,GG012
2386,OWA0044,
2387,OWA0037,
2388,OWA0050,GG008
2389,OWA0075,
2390,OWA0076,
2391,OWA0080,GG003
2392,OWA0025,
2393,OWA0003,
2393,OWA0092,
2393,OWA0078,
2394,OWA0004,
2394,OWA0012,
2394,OWA0020,
2394,OWA0030,
2394,OWA0060,
2394,OWA0057,
2394,OWA0087,
2395,OWA0044,
2396,OWA0037,
2397,OWA0050,
2398,OWA0075,
2399,OWA0076,
2400,OWA0025,GG010
2401,OWA0026,GG009
2402,OWA0003,GG001
2402,OWA0053,GG001
2403,OWA0044,
2404,OWA0037,
2405,OWA0050,
2406,OWA0075,
2407,OWA0076,
2408,OWA0081,GG002
2408,OWA0003,GG002
2408,OWA0095,GG002
2409,OWA0004,
2410,OWA0044,
2411,OWA0037,
2412,OWA0050,GG008
2413,OWA0075,
2414,OWA0076,
2415,OWA0088,
2416,OWA0081,GG002
2416,OWA0026,GG002
2416,OWA0088,GG002
2417,OWA0053,GG009
2418,OWA0044,
2419,OWA0037,
2420,OWA0050,
2421,OWA0075,
2422,OWA0076,
2423,OWA0025,GG010
2423,OWA0092,GG010
2424,OWA0081,GG002
2425,OWA0026,
2426,OWA0003,
2427,OWA0053,
2428,OWA0044,
2429,OWA0037,
2430,OWA0050,
2431,OWA0030,
2431,OWA0078,
2432,OWA0075,
2433,OWA0076,
2434,OWA0076,
2435,OWA0080,GG003
2436,OWA0081,
2437,OWA0026,GG009
2438,OWA0003,
2438,OWA0053,
2439,OWA0044,
2440,OWA0037,
2441,OWA0050,
2442,OWA0070,
2443,OWA0096,GG014
2443,OWA0078,GG014
2444,OWA0075,
2445,OWA0076,
2446,OWA0084,GG004
2447,OWA0080,
2448,OWA0081,
2448,OWA0088,
2449,OWA0044,
2450,OWA0037,
2451,OWA0050,GG008
2452,OWA0092,
2453,OWA0096,
2454,OWA0078,GG005
2454,OWA0078,GG014
2455,OWA0075,
2456,OWA0076,
2457,OWA0093,
2458,OWA0095,
2459,OWA0080,GG004
2459,OWA0080,GG005
2459,OWA0081,GG004
2459,OWA0081,GG005
2460,OWA0044,
2461,OWA0037,
2462,OWA0050,
2463,OWA0096,
2464,OWA0075,
2465,OWA0076,
2466,OWA0080,
2466,OWA0050,
2466,OWA0070,
2467,OWA0025,
2468,OWA0081,GG012
2468,OWA0081,GG004
2468,OWA0081,GG005
2468,OWA0026,GG012
2468,OWA0026,GG004
2468,OWA0026,GG005
2468,OWA0003,GG012
2468,OWA0003,GG004
2468,OWA0003,GG005
2468,OWA0053,GG012
2468,OWA0053,GG004
2468,OWA0053,GG005
2468,OWA0096,GG012
2468,OWA0096,GG004
2468,OWA0096,GG005
2468,OWA0060,GG012
2468,OWA0060,GG004
2468,OWA0060,GG005
2468,OWA0088,GG012
2468,OWA0088,GG004
2468,OWA0088,GG005
2469,OWA0044,
2470,OWA0037,
2471,OWA0092,
2472,OWA0078,
2473,OWA0075,
2474,OWA0076,
2475,OWA0084,
2476,OWA0095,GG009
2477,OWA0025,
2477,OWA0095,
2478,OWA0081,
2479,OWA0053,
2479,OWA0092,
2480,OWA0044,
2481,OWA0037,
2482,OWA0020,
2482,OWA0057,
2482,OWA0093,
2482,OWA0084,
2483,OWA0050,
2484,OWA0030,
2485,OWA0078,GG014
2486,OWA0076,
2487,OWA0026,
2488,OWA0003,GG008
2488,OWA0004,GG008
2488,OWA0050,GG008
2488,OWA0030,GG008
2489,OWA0044,
2490,OWA0037,
2491,OWA0092,
2492,OWA0078,GG014
2493,OWA0075,
2494,OWA0076,
2495,OWA0025,GG010
2496,OWA0081,
2497,OWA0098,
2498,OWA0044,
2499,OWA0037,
2500,OWA0050,GG008
2501,OWA0078,
2502,OWA0075,
2503,OWA0076,
2504,OWA0025,GG009
2504,OWA0025,GG010
2505,OWA0081,GG001
2506,OWA0098,
2507,OWA0004,
2508,OWA0044,
2509,OWA0037,
2510,OWA0050,
2511,OWA0092,GG013
2511,OWA0030,GG013
2512,OWA0075,
2513,OWA0076,
2514,OWA0036,
2515,OWA0098,
2516,OWA0044,
2517,OWA0037,
2518,OWA0050,
2519,OWA0075,
2520,OWA0076,
2521,OWA0080,GG006
2521,OWA0100,GG006
2522,OWA0044,
2523,OWA0037,
2524,OWA0050,GG008
2525,OWA0092,
2526,OWA0030,
2527,OWA0078,
2528,OWA0075,
2529,OWA0076,
2530,OWA0080,GG003
2531,OWA0025,GG010
2532,OWA0026,GG009
2533,OWA0098,
2534,OWA0003,GG013
2534,OWA0004,GG013
2534,OWA0053,GG013
2535,OWA0044,
2536,OWA0037,
2537,OWA0050,
2538,OWA0078,
2539,OWA0075,
2540,OWA0076,
2541,OWA0080,GG003
2542,OWA0025,
2542,OWA0036,
2543,OWA0081,GG002
2543,OWA0081,GG012
2544,OWA0026,GG009
2544,OWA0026,GG010
2544,OWA0026,GG004
2544,OWA0100,GG009
2544,OWA0100,GG010
2544,OWA0100,GG004
2545,OWA0098,GG014
2546,OWA0003,
2546,OWA0004,
2546,OWA0092,
2547,OWA0044,
2547,OWA0078,
2548,OWA0037,
2549,OWA0050,
2550,OWA0030,GG001
2551,OWA0075,
2552,OWA0076,
2553,OWA0097,GG008
2554,OWA0025,GG010
2554,OWA0025,GG012
2554,OWA0012,GG010
2554,OWA0012,GG012
2554,OWA0060,GG010
2554,OWA0060,GG012
2554,OWA0099,GG010
2554,OWA0099,GG012
2555,OWA0081,
2555,OWA0092,
2556,OWA0026,
2557,OWA0098,GG007
2558,OWA0003,
2559,OWA0053,
2560,OWA0044,
2561,OWA0037,
2562,OWA0050,
2563,OWA0078,
2564,OWA0075,
2565,OWA0076,
2566,OWA0080,
2566,OWA0036,
2567,OWA0098,
2568,OWA0004,GG011
2568,OWA0004,GG013
2568,OWA0004,GG001
2568,OWA0004,GG012
2568,OWA0012,GG011
2568,OWA0012,GG013
2568,OWA0012,GG001
2568,OWA0012,GG012
2568,OWA0020,GG011
2568,OWA0020,GG013
2568,OWA0020,GG001
2568,OWA0020,GG012
2568,OWA0030,GG011
2568,OWA0030,GG013
2568,OWA0030,GG001
2568,OWA0030,GG012
2568,OWA0078,GG011
2568,OWA0078,GG013
2568,OWA0078,GG001
2568,OWA0078,GG012
2568,OWA0060,GG011
2568,OWA0060,GG013
2568,OWA0060,GG001
2568,OWA0060,GG012
2568,OWA0100,GG011
2568,OWA0100,GG013
2568,OWA0100,GG001
2568,OWA0100,GG012
2568,OWA0099,GG011
2568,OWA0099,GG013
2568,OWA0099,GG001
2568,OWA0099,GG012
2569,OWA0053,
2570,OWA0044,
2571,OWA0037,
2572,OWA0050,
2573,OWA0075,
2574,OWA0076,
2575,OWA0080,GG003
2575,OWA0080,GG014
2575,OWA0078,GG003
2575,OWA0078,GG014
2576,OWA0026,
2576,OWA0099,
2577,OWA0053,
2578,OWA0044,
2579,OWA0037,
2580,OWA0050,
2581,OWA0075,
2582,OWA0076,
2583,OWA0044,
2584,OWA0037,
2585,OWA0050,
2586,OWA0092,
2587,OWA0075,
2588,OWA0076,
2589,OWA0080,GG006
2589,OWA0080,GG013
2589,OWA0080,GG004
2589,OWA0053,GG006
2589,OWA0053,GG013
2589,OWA0053,GG004
2589,OWA0012,GG006
2589,OWA0012,GG013
2589,OWA0012,GG004
2589,OWA0030,GG006
2589,OWA0030,GG013
2589,OWA0030,GG004
2589,OWA0060,GG006
2589,OWA0060,GG013
2589,OWA0060,GG004
2590,OWA0025,GG010
2591,OWA0081,
2591,OWA0092,
2592,OWA0098,
2593,OWA0044,
2594,OWA0037,
2595,OWA0050,GG008
2596,OWA0078,
2597,OWA0075,
2598,OWA0076,
2599,OWA0099,GG001
2600,OWA0026,GG009
2600,OWA0026,GG004
2600,OWA0101,GG009
2600,OWA0101,GG004
2600,OWA0100,GG009
2600,OWA0100,GG004
2601,OWA0098,GG007
2602,OWA0044,
2603,OWA0037,
2604,OWA0050,GG008
2605,OWA0075,
2606,OWA0076,
2607,OWA0081,
2608,OWA0098,GG007
2608,OWA0078,GG007
2609,OWA0044,
2610,OWA0037,
2611,OWA0050,GG008
2612,OWA0075,
2613,OWA0076,
2614,OWA0081,GG002
2615,OWA0026,GG009
2615,OWA0026,GG011
2615,OWA0026,GG001
2616,OWA0098,
2617,OWA0044,
2618,OWA0037,
2619,OWA0050,
2620,OWA0078,GG014
2621,OWA0075,
2622,OWA0076,
2623,OWA0026,
2624,OWA0098,GG007
2625,OWA0044,
2626,OWA0037,
2627,OWA0050,GG008
2628,OWA0075,
2629,OWA0076,
2630,OWA0026,
2631,OWA0098,GG007
2632,OWA0044,
2633,OWA0037,
2634,OWA0050,
2635,OWA0075,
2636,OWA0076,
2637,OWA0097,
2638,OWA0025,
2638,OWA0081,
2639,OWA0098,GG007
2639,OWA0078,GG007
2640,OWA0044,
2641,OWA0037,
2642,OWA0050,
2643,OWA0075,
2644,OWA0076,
2645,OWA0026,
2646,OWA0098,GG007
2647,OWA0004,GG008
2647,OWA0004,GG011
2647,OWA0012,GG008
2647,OWA0012,GG011
2647,OWA0050,GG008
2647,OWA0050,GG011
2648,OWA0044,
2649,OWA0037,
2650,OWA0075,
2651,OWA0076,
2652,OWA0084,
2653,OWA0025,
2653,OWA0102,
2654,OWA0081,GG002
2655,OWA0012,GG008
2655,OWA0103,GG008
2655,OWA0060,GG008
2655,OWA0036,GG008
2656,OWA0044,
2657,OWA0037,
2658,OWA0075,
2659,OWA0076,
2660,OWA0025,GG010
2660,OWA0078,GG010
2661,OWA0026,GG008
2662,OWA0098,GG007
2662,OWA0098,GG013
2662,OWA0030,GG007
2662,OWA0030,GG013
2663,OWA0004,
2663,OWA0102,
2664,OWA0053,GG003
2664,OWA0101,GG003
2665,OWA0044,
2666,OWA0037,
2667,OWA0103,
2668,OWA0075,
2669,OWA0076,
2670,OWA0080,GG003
2671,OWA0025,
2671,OWA0060,
2671,OWA0099,
2672,OWA0081,
2672,OWA0101,
2673,OWA0098,GG007
2674,OWA0044,
2675,OWA0037,
2676,OWA0103,
2677,OWA0075,
2678,OWA0076,
2679,OWA0025,GG005
2679,OWA0025,GG010
2679,OWA0081,GG005
2679,OWA0081,GG010
2679,OWA0026,GG005
2679,OWA0026,GG010
2679,OWA0012,GG005
2679,OWA0012,GG010
2679,OWA0020,GG005
2679,OWA0020,GG010
2679,OWA0060,GG005
2679,OWA0060,GG010
2679,OWA0036,GG005
2679,OWA0036,GG010
2680,OWA0098,GG007
2681,OWA0104,
2682,OWA0105,
2683,OWA0078,GG014
2684,OWA0075,
2685,OWA0076,
2686,OWA0106,
2687,,GG002
2688,,GG008
2689,,GG002
2690,,GG004
2690,,GG005
2690,,GG009
2691,,GG006
2692,,GG014
2693,,GG002
2694,,GG004
2694,,GG006
2695,,GG005
2696,,GG009
2697,,GG012
2698,,GG005
2699,,GG007
2700,,GG010
2700,,GG012
2701,,GG002
2702,,GG014
2703,,GG008
2704,,GG006
2705,,GG008
2705,,GG002
2706,,GG009
2707,,GG006
2707,,GG012
2708,,GG005
2709,,GG007
2710,,GG008
2711,,GG014
2712,,GG005
2713,,GG014
2714,,GG007
2715,,GG012
2716,,GG005
2716,,GG004
2717,,GG006
2718,,GG008
2719,,GG005
2720,,GG008
2721,,GG009
2722,,GG012
2723,,GG003
2723,,GG014
2724,,GG005
2725,,GG008
2726,,GG007
2727,,GG002
2728,,GG005
2729,,GG008
2729,,GG011
2730,,GG009
2731,,GG007
2732,,GG002
2733,,GG005
2733,,GG006
2733,,GG004
2734,,GG008
2735,,GG008
2736,,GG005
2737,,GG003
2738,,GG008
2739,,GG002
2740,,GG014
2741,,GG004
2742,,GG008
2743,,GG005
2744,,GG008
2745,,GG014
2746,,GG003
2747,,GG008
2748,,GG002
2749,,GG012
2749,,GG011
2749,,GG012
2750,,GG009
2751,,GG002
2752,,GG013
2753,,GG006
2754,,GG004
2754,,GG014
2755,,GG008
2756,,GG009
2757,,GG013
2758,,GG008
2759,,GG005
2760,,GG004
2760,,GG006
2761,,GG009
2761,,GG005
2762,,GG003
2763,,GG005
2764,,GG004
2765,,GG013
2766,,GG008
2767,,GG010
2768,,GG002
2769,,GG012
2770,,GG002
2771,,GG002
2772,,GG004
2773,,GG008
2774,,GG003
2775,,GG005
2776,,GG009
2777,,GG004
2778,,GG006
2779,,GG003
2780,,GG009
2781,,GG005
2781,,GG006
2782,,GG005
2783,,GG010
2783,,GG014
2784,,GG018
2785,,GG009
2786,,GG005
2787,,GG012
2788,,GG013
2789,,GG016
2789,,GG014
2790,,GG008
2791,,GG019
2792,,GG019
2793,,GG008
2794,,GG019
2795,,GG005
2796,,GG003
2796,,GG010
2797,,GG001
2797,,GG011
2798,,GG004
2798,,GG005
2798,,GG006
2798,,GG014
2798,,GG013
2799,,GG017
2800,,GG008
2801,,GG019
2802,,GG019
2803,,GG009
2804,,GG010
2805,,GG020
2806,,GG016
2807,,GG001
2807,,GG017
2807,,GG002
2808,,GG016
2809,,GG008
2810,,GG009
2811,,GG005
2812,,GG020
2813,,GG004
2814,,GG017
2815,,GG013
2816,,GG008
2817,,GG019
2818,,GG006
2819,,GG002
2820,,GG020
2821,,GG014
2822,,GG008
2823,,GG019
2824,,GG019
2824,,GG015
2825,,GG002
2826,,GG020
2827,,GG016
2828,,GG021
2829,,GG022
2830,,GG022
2831,,GG006
2832,,GG020
2833,,GG020
2834,,GG014
2835,,GG016
2835,,GG023
2836,,GG017
2837,,GG009
2838,,GG014
2839,,GG016
2839,,GG023
2840,,GG017
2841,,GG021
2842,,GG022
2843,,GG019
2844,,GG019
2845,,GG014
2846,,GG004
2847,,GG016
2848,,GG013
2849,,GG021
2850,,GG019
2851,,GG019
2852,,GG019
2853,,GG023
2854,,GG013
2855,,GG011
2856,,GG022
2857,,GG019
2858,,GG019
2859,,GG010
2860,,GG021
2861,,GG022
2862,,GG019
2863,,GG002
2864,,GG004
2864,,GG006
2865,,GG016
2866,,GG017
2867,,GG013
2867,,GG009
2868,,GG021
2869,,GG022
2869,,GG002
2870,,GG014
2871,,GG017
2872,,GG022
2873,,GG019
2874,,GG019
2875,,GG019
2876,,GG019
2877,,GG019
2878,,GG019
2879,,GG010
2880,,GG002
2881,,GG014
2882,,GG024
2882,,GG017
2882,,GG022
2883,,GG016
2884,,GG016
2885,,GG016
2886,,GG017
2887,,GG017
2888,,GG013
2889,,GG009
2890,,GG010
2891,,GG002
2892,,GG014
2893,,GG015
2894,,GG001
2894,,GG010
2895,,GG022
2896,,GG016
2897,,GG016
2898,,GG017
2898,,GG011
2899,,GG017
2900,,GG009
2901,,GG006
2902,,GG002
2903,,GG003
2903,,GG025
2904,,GG026
2905,,GG016
2906,,GG017
2907,,GG017
2908,,GG009
2909,,GG023
2910,,GG006
2911,,GG029
2912,,GG015
2913,,GG015
2914,,GG016
2914,,GG006
2915,,GG016
2916,,GG016
2916,,GG014
2917,,GG017
2918,,GG019
2919,,GG019
2920,,GG026
2920,,GG025
2921,,GG015
2922,,GG015
2923,,GG021
2924,,GG022
2925,,GG016
2926,,GG016
2927,,GG016
2928,,GG017
2929,,GG017
2930,,GG017
2931,,GG019
2932,,GG019
2933,,GG025
2934,,GG002
2935,,GG008
2936,,GG003
2937,,GG024
2938,,GG022
2939,,GG022
2940,,GG022
2941,,GG022
2942,,GG016
2943,,GG016
2944,,GG016
2945,,GG016
2946,,GG017
2947,,GG017
2948,,GG017
2949,,GG017
2950,,GG013
2951,,GG009
2952,,GG002
2953,,GG031
2954,,GG026
2955,,GG024
2956,,GG022
2957,,GG021
2958,,GG022
2959,,GG016
2960,,GG016
2961,,GG016
2962,,GG017
2963,,GG017
2964,,GG017
2965,,GG019
2966,,GG032
2967,,GG025
2968,,GG006
2969,,GG002
2970,,GG022
2971,,GG015
2972,,GG015
2973,,GG015
2974,,GG015
2975,,GG015
2976,,GG016
2977,,GG016
2978,,GG016
2979,,GG017
2980,,GG017
2981,,GG022
2982,,GG022
2983,,GG021
2984,,GG022
2985,,GG025
2986,,GG003
2987,,GG015
2988,,GG015
2989,,GG016
2990,,GG016
2991,,GG016
2992,,GG017
2993,,GG017
2994,,GG017
2995,,GG022
2996,,GG022
2997,,GG021
2998,,GG022
2999,,GG022
3000,,GG019
3001,,GG019
3002,,GG033
3003,,GG025
3004,,GG034
3005,,GG035
3006,,GG009
3007,,GG010
3008,,GG002
3009,,GG004
3009,,GG023
3010,,GG016
3011,,GG016
3012,,GG016
3013,,GG017
3014,,GG008
3015,,GG008
3016,,GG008
3017,,GG008
3018,,GG019
3019,,GG033
3019,,GG019
3020,,GG025
3021,,GG006
3022,,GG010
3023,,GG008
3024,,GG036
3025,,GG015
3026,,GG004
3026,,GG017
3027,,GG016
3028,,GG016
3029,,GG016
3029,,GG009
3030,,GG017
3031,,GG008
3032,,GG008
3033,,GG008
3034,,GG008
3035,,GG019
3036,,GG019
3037,,GG016
3038,,GG016
3039,,GG016
3040,,GG017
3041,,GG017
3042,,GG017
3043,,GG019
3044,,GG019
3045,,GG025
3046,,GG009
3047,,GG006
3048,,GG020
3049,,GG012
3050,,GG015
3051,,GG017
3052,,GG019
3053,,GG019
3054,,GG032
3055,,GG025
3056,,GG006
3057,,GG010
3058,,GG003
3058,,GG017
3058,,GG011
3058,,GG027
3059,,GG012
3060,,GG015
3061,,GG001
3062,,GG004
3063,,GG016
3064,,GG013
3065,,GG025
3066,,GG009
3067,,GG028
3067,,GG010
3068,,GG023
3069,,GG002
3070,,GG003
3070,,GG027
3071,,GG012
3072,,GG013
3072,,GG011
3073,,GG019
3074,,GG025
3075,,GG018
3076,,GG037
3076,,GG038
3076,,GG016
3076,,GG011
3076,,GG009
3077,,GG017
3077,,GG025
3078,,GG013
3079,,GG008
3080,,GG041
3081,,GG037
3081,,GG021
3082,,GG009
3083,,GG039
3084,,GG015
3085,,GG016
3086,,GG017
3087,,GG013
3088,,GG040
3089,,GG011
3090,,GG025
3091,,GG010
3092,,GG025
